date,retail_index,flags,year,month,month_name,quarter,day_of_week,rolling_12m_avg,ema_12m,yoy_growth_pct,mom_growth_pct
1994-01-01,77.0,,1994,1,January,1,Saturday,77.0,77.0,,
1994-02-01,74.0,,1994,2,February,1,Tuesday,75.5,76.53846153846153,,-3.8961038961038974
1994-03-01,85.5,,1994,3,March,1,Tuesday,78.83333333333333,77.9171597633136,,15.540540540540547
1994-04-01,82.5,,1994,4,April,2,Friday,79.75,78.6222121074192,,-3.508771929824561
1994-05-01,81.3,,1994,5,May,2,Sunday,80.06,79.03417947550855,,-1.4545454545454528
1994-06-01,78.5,,1994,6,June,2,Wednesday,79.8,78.951998017738,,-3.444034440344401
1994-07-01,80.5,,1994,7,July,3,Friday,79.89999999999999,79.19015216885524,,2.547770700636942
1994-08-01,79.4,,1994,8,August,3,Monday,79.8375,79.22243645056982,,-1.3664596273291862
1994-09-01,82.4,,1994,9,September,3,Thursday,80.12222222222222,79.71129238125138,,3.778337531486154
1994-10-01,86.8,,1994,10,October,4,Saturday,80.78999999999999,80.80186278413578,,5.339805825242716
1994-11-01,89.3,,1994,11,November,4,Tuesday,81.56363636363636,82.10926850965335,,2.880184331797242
1994-12-01,108.7,,1994,12,December,4,Thursday,83.825,86.20015027739899,,21.724524076147823
1995-01-01,77.0,,1995,1,January,1,Sunday,83.825,84.78474254241453,0.0,-29.16283348666053
1995-02-01,75.9,,1995,2,February,1,Wednesday,83.98333333333333,83.41785907435076,2.567567567567574,-1.4285714285714235
1995-03-01,87.2,,1995,3,March,1,Wednesday,84.125,83.99972690906603,1.9883040935672505,14.88801054018445
1995-04-01,83.8,,1995,4,April,2,Saturday,84.23333333333333,83.96899969228664,1.5757575757575637,-3.899082568807344
1995-05-01,84.9,,1995,5,May,2,Monday,84.53333333333335,84.11223050885793,4.428044280442811,1.312649164677815
1995-06-01,81.4,,1995,6,June,2,Thursday,84.775,83.69496427672595,3.694267515923566,-4.122497055359242
1995-07-01,83.0,,1995,7,July,3,Saturday,84.98333333333333,83.58804669569119,3.105590062111796,1.96560196560196
1995-08-01,80.7,,1995,8,August,3,Tuesday,85.09166666666667,83.143731819431,1.6372795969773255,-2.7710843373493943
1995-09-01,83.0,,1995,9,September,3,Friday,85.14166666666667,83.12161923182623,0.7281553398058138,2.850061957868655
1995-10-01,86.6,,1995,10,October,4,Sunday,85.125,83.6567547346222,-0.2304147465437833,4.337349397590362
1995-11-01,90.8,,1995,11,November,4,Wednesday,85.25,84.75571554468033,1.6797312430011146,4.849884526558901
1995-12-01,108.4,,1995,12,December,4,Friday,85.22500000000001,88.39329776857566,-0.2759889604415755,19.38325991189429
1996-01-01,78.4,,1996,1,January,1,Monday,85.34166666666668,86.85586734264095,1.81818181818183,-27.67527675276753
1996-02-01,74.8,,1996,2,February,1,Thursday,85.25,85.00111852069618,-1.449275362318847,-4.591836734693889
1996-03-01,86.1,,1996,3,March,1,Friday,85.15833333333333,85.17017720981984,-1.2614678899082632,15.10695187165776
1996-04-01,85.7,,1996,4,April,2,Monday,85.31666666666666,85.25168840830909,2.2673031026253065,-0.464576074332157
1996-05-01,83.6,,1996,5,May,2,Wednesday,85.20833333333333,84.99758249933846,-1.531213191990588,-2.450408401400239
1996-06-01,80.1,,1996,6,June,2,Saturday,85.10000000000001,84.24410826867101,-1.597051597051613,-4.1866028708133936
1996-07-01,83.4,,1996,7,July,3,Monday,85.13333333333334,84.11424545810624,0.4819277108433883,4.119850187265928
1996-08-01,80.8,,1996,8,August,3,Thursday,85.14166666666667,83.6043615414745,0.1239157372986188,-3.117505995203851
1996-09-01,84.0,,1996,9,September,3,Sunday,85.225,83.66522899663227,1.2048192771084263,3.960396039603964
1996-10-01,87.7,,1996,10,October,4,Tuesday,85.31666666666668,84.28596299715038,1.2702078521940052,4.404761904761911
1996-11-01,90.9,,1996,11,November,4,Friday,85.325,85.30350715143493,0.1101321585903258,3.648802736602064
1996-12-01,106.5,,1996,12,December,4,Sunday,85.16666666666667,88.56450605121417,-1.7527675276752808,17.161716171617147
1997-01-01,79.4,,1997,1,January,1,Wednesday,85.25,87.15458204333507,1.2755102040816313,-25.446009389671357
1997-02-01,74.7,,1997,2,February,1,Saturday,85.24166666666666,85.2384924982066,-0.1336898395721819,-5.91939546599497
1997-03-01,85.7,,1997,3,March,1,Saturday,85.20833333333333,85.30949365232865,-0.464576074332157,14.725568942436418
1997-04-01,84.4,,1997,4,April,2,Tuesday,85.10000000000001,85.16957155197039,-1.516919486581092,-1.516919486581092
1997-05-01,83.3,,1997,5,May,2,Thursday,85.075,84.88194515935956,-0.3588516746411474,-1.3033175355450344
1997-06-01,80.9,,1997,6,June,2,Sunday,85.14166666666667,84.26933821176578,0.998751560549338,-2.881152460984382
1997-07-01,82.3,,1997,7,July,3,Tuesday,85.05,83.96636310226334,-1.3189448441247142,1.7305315203955285
1997-08-01,78.0,,1997,8,August,3,Friday,84.81666666666668,83.04846108653052,-3.4653465346534573,-5.224787363304984
1997-09-01,81.8,,1997,9,September,3,Monday,84.63333333333334,82.85639015014121,-2.619047619047621,4.871794871794877
1997-10-01,88.3,,1997,10,October,4,Wednesday,84.68333333333334,83.69386858858103,0.68415051311288,7.946210268948661
1997-11-01,89.3,,1997,11,November,4,Saturday,84.55,84.55635034418394,-1.760176017601767,1.1325028312570762
1997-12-01,104.3,,1997,12,December,4,Monday,84.36666666666666,87.59383490661718,-2.0657276995305174,16.79731243001119
1998-01-01,78.0,,1998,1,January,1,Thursday,84.25,86.11786030559915,-1.7632241813602123,-25.215723873442
1998-02-01,74.8,,1998,2,February,1,Sunday,84.25833333333334,84.37665102781467,0.1338688085676054,-4.10256410256411
1998-03-01,87.8,,1998,3,March,1,Sunday,84.43333333333334,84.90332010045857,2.450408401400228,17.37967914438503
1998-04-01,83.7,,1998,4,April,2,Wednesday,84.375,84.71819393115726,-0.82938388625593,-4.669703872437347
1998-05-01,84.1,,1998,5,May,2,Friday,84.44166666666666,84.62308717251769,0.9603841536614643,0.4778972520907976
1998-06-01,79.1,,1998,6,June,2,Monday,84.29166666666667,83.7733814536688,-2.2249690976514302,-5.945303210463737
1998-07-01,83.8,,1998,7,July,3,Wednesday,84.41666666666667,83.77747661464284,1.8226002430133723,5.941845764854614
1998-08-01,80.0,,1998,8,August,3,Saturday,84.58333333333333,83.19632636623625,2.564102564102555,-4.534606205250591
1998-09-01,82.3,,1998,9,September,3,Tuesday,84.625,83.0584300021999,0.6112469437652868,2.8750000000000053
1998-10-01,87.2,,1998,10,October,4,Thursday,84.53333333333335,83.69559461724606,-1.245753114382775,5.953827460510341
1998-11-01,92.3,,1998,11,November,4,Sunday,84.78333333333333,85.0193492915159,3.3594624860022293,5.84862385321101
1998-12-01,106.1,,1998,12,December,4,Tuesday,84.93333333333334,88.26252632359038,1.7257909875359578,14.951245937161415
1999-01-01,78.6,,1999,1,January,1,Friday,84.98333333333333,86.77598381226878,0.7692307692307665,-25.918944392082945
1999-02-01,75.2,,1999,2,February,1,Monday,85.01666666666667,84.99506322576589,0.5347593582887722,-4.325699745547063
1999-03-01,87.8,,1999,3,March,1,Monday,85.01666666666667,85.42659196026345,0.0,16.755319148936152
1999-04-01,83.8,,1999,4,April,2,Thursday,85.02499999999999,85.17634704329984,0.1194743130226827,-4.555808656036442
1999-05-01,83.7,,1999,5,May,2,Saturday,84.99166666666666,84.94921672894601,-0.4756242568370927,-0.1193317422434336
1999-06-01,80.4,,1999,6,June,2,Tuesday,85.10000000000001,84.24933723218508,1.643489254108732,-3.9426523297490967
1999-07-01,83.2,,1999,7,July,3,Thursday,85.05,84.08790073492584,-0.7159904534606132,3.482587064676612
1999-08-01,81.6,,1999,8,August,3,Sunday,85.18333333333332,83.70514677570648,2.0000000000000018,-1.9230769230769384
1999-09-01,80.9,,1999,9,September,3,Wednesday,85.06666666666666,83.2735857332901,-1.7010935601457944,-0.8578431372548878
1999-10-01,88.4,,1999,10,October,4,Friday,85.16666666666667,84.06226485124549,1.3761467889908283,9.270704573547594
1999-11-01,91.4,,1999,11,November,4,Monday,85.09166666666667,85.1911471818231,-0.9750812567713928,3.393665158371051
1999-12-01,107.7,,1999,12,December,4,Wednesday,85.225,88.65404761538878,1.508011310084845,17.833698030634572
2000-01-01,79.5,,2000,1,January,1,Saturday,85.3,87.24573259763665,1.1450381679389388,-26.183844011142064
2000-02-01,77.1,,2000,2,February,1,Tuesday,85.45833333333333,85.6848506595387,2.5265957446808374,-3.0188679245283123
2000-03-01,88.2,,2000,3,March,1,Wednesday,85.49166666666667,86.07179671191736,0.4555808656036442,14.39688715953309
2000-04-01,87.0,,2000,4,April,2,Saturday,85.75833333333333,86.21459721777623,3.818615751789989,-1.3605442176870763
2000-05-01,87.3,,2000,5,May,2,Monday,86.05833333333334,86.38158226119526,4.3010752688172005,0.3448275862068861
2000-06-01,82.1,,2000,6,June,2,Thursday,86.19999999999999,85.72287729793446,2.1144278606965106,-5.95647193585338
2000-07-01,85.5,,2000,7,July,3,Saturday,86.39166666666667,85.68858848286763,2.764423076923084,4.141291108404399
2000-08-01,82.7,,2000,8,August,3,Tuesday,86.48333333333333,85.22880563934953,1.348039215686292,-3.274853801169586
2000-09-01,84.8,,2000,9,September,3,Friday,86.80833333333334,85.16283554098806,4.820766378244734,2.539298669891177
2000-10-01,90.2,,2000,10,October,4,Sunday,86.95833333333333,85.93778391929759,2.036199095022617,6.367924528301905
2000-11-01,92.9,,2000,11,November,4,Wednesday,87.08333333333333,87.00889408555949,1.641137855579866,2.9933481152993435
2000-12-01,109.3,,2000,12,December,4,Friday,87.21666666666668,90.4382949954734,1.485608170844932,17.65339074273411
2001-01-01,82.3,,2001,1,January,1,Monday,87.45,89.18624961155442,3.5220125786163514,-24.70265324794144
2001-02-01,77.3,,2001,2,February,1,Thursday,87.46666666666665,87.35759582516143,0.2594033722438382,-6.075334143377886
2001-03-01,90.4,,2001,3,March,1,Thursday,87.64999999999999,87.82565800590582,2.494331065759648,16.946959896507117
2001-04-01,88.4,,2001,4,April,2,Sunday,87.76666666666667,87.91401831268954,1.6091954022988464,-2.212389380530977
2001-05-01,88.8,,2001,5,May,2,Tuesday,87.89166666666667,88.05032318766038,1.718213058419238,0.4524886877828038
2001-06-01,84.3,,2001,6,June,2,Friday,88.075,87.47335038955879,2.679658952496955,-5.067567567567566
2001-07-01,87.4,,2001,7,July,3,Sunday,88.23333333333333,87.46206571424206,2.2222222222222365,3.677342823250296
2001-08-01,84.0,,2001,8,August,3,Wednesday,88.34166666666665,86.92944021974327,1.5719467956469169,-3.8901601830663712
2001-09-01,86.2,,2001,9,September,3,Saturday,88.45833333333333,86.81721864747507,1.650943396226423,2.619047619047632
2001-10-01,89.6,,2001,10,October,4,Monday,88.40833333333332,87.24533885555584,-0.6651884700665245,3.944315545243615
2001-11-01,94.3,,2001,11,November,4,Thursday,88.52499999999999,88.33067133931648,1.5069967707211918,5.245535714285721
2001-12-01,108.1,,2001,12,December,4,Saturday,88.425,91.37210651788318,-1.0978956999085132,14.634146341463406
2002-01-01,79.1,,2002,1,January,1,Tuesday,88.15833333333335,89.48409013051653,-3.888213851761846,-26.827012025901944
2002-02-01,75.8,,2002,2,February,1,Friday,88.03333333333335,87.37884549505245,-1.9404915912031084,-4.171934260429833
2002-03-01,88.3,,2002,3,March,1,Friday,87.85833333333333,87.52056157273668,-2.3230088495575285,16.490765171503963
2002-04-01,87.7,,2002,4,April,2,Monday,87.8,87.54816748462335,-0.7918552036199178,-0.6795016987542368
2002-05-01,86.7,,2002,5,May,2,Wednesday,87.625,87.41768017929668,-2.3648648648648574,-1.1402508551881407
2002-06-01,81.5,,2002,6,June,2,Saturday,87.39166666666667,86.50726784402026,-3.3214709371293005,-5.997693194925036
2002-07-01,85.7,,2002,7,July,3,Monday,87.25,86.38307279109407,-1.94508009153318,5.153374233128827
2002-08-01,82.3,,2002,8,August,3,Thursday,87.10833333333333,85.75490774631035,-2.023809523809528,-3.967327887981331
2002-09-01,85.4,,2002,9,September,3,Sunday,87.04166666666667,85.7003065545703,-0.9280742459396696,3.76670716889429
2002-10-01,90.1,,2002,10,October,4,Tuesday,87.08333333333333,86.37718246925179,0.5580357142857206,5.503512880562056
2002-11-01,90.8,,2002,11,November,4,Friday,86.79166666666667,87.05761593552074,-3.711558854718977,0.7769145394006749
2002-12-01,105.3,,2002,12,December,4,Sunday,86.55833333333334,89.86413656082524,-2.590194264569845,15.969162995594722
2003-01-01,78.2,,2003,1,January,1,Wednesday,86.48333333333333,88.06965401300599,-1.1378002528444895,-25.73599240265907
2003-02-01,75.5,,2003,2,February,1,Saturday,86.45833333333333,86.13586108792813,-0.395778364116095,-3.4526854219948837
2003-03-01,87.7,,2003,3,March,1,Saturday,86.40833333333335,86.3764978436315,-0.6795016987542368,16.158940397350996
2003-04-01,86.0,,2003,4,April,2,Tuesday,86.26666666666667,86.31857509845742,-1.9384264538198412,-1.9384264538198412
2003-05-01,85.5,,2003,5,May,2,Thursday,86.16666666666667,86.19264046792551,-1.384083044982698,-0.5813953488372103
2003-06-01,82.0,,2003,6,June,2,Sunday,86.20833333333333,85.54761885747543,0.6134969325153339,-4.093567251461994
2003-07-01,84.4,,2003,7,July,3,Tuesday,86.10000000000001,85.37106211017151,-1.516919486581092,2.926829268292685
2003-08-01,81.4,,2003,8,August,3,Friday,86.02499999999999,84.76012947783744,-1.0935601458080146,-3.5545023696682443
2003-09-01,84.1,,2003,9,September,3,Monday,85.91666666666667,84.65857109663168,-1.5222482435597318,3.316953316953297
2003-10-01,90.0,,2003,10,October,4,Wednesday,85.90833333333332,85.48032938945758,-0.1109877913429424,7.015457788347224
2003-11-01,90.5,,2003,11,November,4,Saturday,85.88333333333333,86.2525864064641,-0.3303964757709221,0.5555555555555536
2003-12-01,103.2,,2003,12,December,4,Monday,85.70833333333333,88.85988080546963,-1.9943019943019835,14.03314917127072
2004-01-01,78.8,,2004,1,January,1,Thursday,85.75833333333333,87.31220683539738,0.7672634271099765,-23.64341085271319
2004-02-01,75.9,,2004,2,February,1,Sunday,85.79166666666667,85.5564827068747,0.5298013245033095,-3.680203045685271
2004-03-01,89.2,,2004,3,March,1,Monday,85.91666666666667,86.11702382889399,1.710376282782211,17.52305665349143
2004-04-01,88.2,,2004,4,April,2,Thursday,86.10000000000001,86.43748170137184,2.55813953488373,-1.1210762331838595
2004-05-01,85.7,,2004,5,May,2,Saturday,86.11666666666667,86.32402297808386,0.233918128654964,-2.8344671201814053
2004-06-01,84.0,,2004,6,June,2,Tuesday,86.28333333333335,85.96648098145558,2.4390243902439046,-1.9836639439906656
2004-07-01,86.3,,2004,7,July,3,Thursday,86.44166666666666,86.01779159969318,2.25118483412321,2.7380952380952284
2004-08-01,83.6,,2004,8,August,3,Sunday,86.625,85.64582366127884,2.7027027027026973,-3.1286210892236377
2004-09-01,85.2,,2004,9,September,3,Wednesday,86.71666666666665,85.57723540569748,1.3079667063020215,1.9138755980861344
2004-10-01,90.1,,2004,10,October,4,Friday,86.72500000000001,86.27304534328248,0.1111111111111062,5.751173708920176
2004-11-01,92.5,,2004,11,November,4,Monday,86.89166666666667,87.23103836739286,2.20994475138121,2.663706992230863
2004-12-01,106.0,,2004,12,December,4,Wednesday,87.125,90.11857092625549,2.713178294573648,14.5945945945946
2005-01-01,82.2,,2005,1,January,1,Saturday,87.40833333333335,88.90032924529311,4.314720812182737,-22.45283018867924
2005-02-01,77.8,,2005,2,February,1,Tuesday,87.56666666666666,87.19258628447878,2.5032938076416267,-5.3527980535279855
2005-03-01,90.9,,2005,3,March,1,Tuesday,87.70833333333333,87.7629576253282,1.905829596412567,16.83804627249359
2005-04-01,88.5,,2005,4,April,2,Friday,87.73333333333333,87.87634875989309,0.340136054421758,-2.64026402640265
2005-05-01,87.9,,2005,5,May,2,Sunday,87.91666666666667,87.87998741221723,2.5670945157526326,-0.6779661016949046
2005-06-01,85.5,,2005,6,June,2,Wednesday,88.04166666666667,87.51383550264535,1.7857142857142794,-2.730375426621168
2005-07-01,87.7,,2005,7,July,3,Friday,88.15833333333335,87.54247619454607,1.6222479721900385,2.573099415204672
2005-08-01,86.1,,2005,8,August,3,Monday,88.36666666666667,87.32055678000052,2.9904306220095656,-1.824401368301032
2005-09-01,87.0,,2005,9,September,3,Thursday,88.51666666666667,87.27124035230813,2.1126760563380254,1.0452961672474004
2005-10-01,92.4,,2005,10,October,4,Saturday,88.70833333333333,88.06028029810687,2.5527192008879096,6.20689655172415
2005-11-01,93.7,,2005,11,November,4,Tuesday,88.80833333333334,88.92792948301351,1.2972972972973065,1.406926406926412
2005-12-01,106.9,,2005,12,December,4,Thursday,88.88333333333334,91.69286340870374,0.8490566037735903,14.087513340448243
2006-01-01,82.1,,2006,1,January,1,Sunday,88.875,90.21703826890317,-0.1216545012165504,-23.19925163704397
2006-02-01,78.8,,2006,2,February,1,Wednesday,88.95833333333333,88.46057084291806,1.285347043701801,-4.019488428745433
2006-03-01,90.9,,2006,3,March,1,Wednesday,88.95833333333333,88.83586763631527,0.0,15.355329949238584
2006-04-01,89.7,,2006,4,April,2,Saturday,89.05833333333334,88.96881107688215,1.3559322033898311,-1.320132013201325
2006-05-01,90.1,,2006,5,May,2,Monday,89.24166666666667,89.1428401419772,2.5028441410693825,0.4459308807134743
2006-06-01,87.4,,2006,6,June,2,Thursday,89.39999999999999,88.87471088936533,2.2222222222222365,-2.9966703662597016
2006-07-01,88.5,,2006,7,July,3,Saturday,89.46666666666665,88.8170630602322,0.9122006841504992,1.258581235697931
2006-08-01,87.2,,2006,8,August,3,Tuesday,89.55833333333334,88.56828412788877,1.2775842044134844,-1.4689265536723115
2006-09-01,86.8,,2006,9,September,3,Friday,89.54166666666667,88.29624041590588,-0.2298850574712685,-0.4587155963302836
2006-10-01,92.8,,2006,10,October,4,Sunday,89.57499999999999,88.98912650576652,0.4329004329004293,6.912442396313367
2006-11-01,93.9,,2006,11,November,4,Wednesday,89.59166666666668,89.74464550487936,0.2134471718249653,1.18534482758621
2006-12-01,111.5,,2006,12,December,4,Friday,89.97500000000001,93.09162311951332,4.303086997193639,18.74334398296058
2007-01-01,80.1,,2007,1,January,1,Monday,89.80833333333334,91.09291187035744,-2.436053593179055,-28.16143497757848
2007-02-01,77.9,,2007,2,February,1,Thursday,89.73333333333333,89.06323312107166,-1.1421319796954157,-2.746566791510596
2007-03-01,90.3,,2007,3,March,1,Thursday,89.68333333333334,89.2535049485991,-0.660066006600668,15.917843388960184
2007-04-01,91.3,,2007,4,April,2,Sunday,89.81666666666666,89.56835034112231,1.7837235228539416,1.107419712070867
2007-05-01,87.0,,2007,5,May,2,Tuesday,89.55833333333334,89.17321951941119,-3.440621531631516,-4.70974808324206
2007-06-01,85.2,,2007,6,June,2,Friday,89.375,88.56195497796331,-2.517162471395884,-2.0689655172413723
2007-07-01,87.2,,2007,7,July,3,Sunday,89.26666666666667,88.35242344289203,-1.4689265536723115,2.3474178403755763
2007-08-01,85.9,,2007,8,August,3,Wednesday,89.15833333333335,87.97512752860095,-1.490825688073394,-1.490825688073394
2007-09-01,87.1,,2007,9,September,3,Saturday,89.18333333333334,87.84049252420081,0.3456221198156584,1.3969732246798428
2007-10-01,92.6,,2007,10,October,4,Monday,89.16666666666667,88.57272444355453,-0.2155172413793149,6.3145809414466125
2007-11-01,92.8,,2007,11,November,4,Thursday,89.075,89.22307452916154,-1.1714589989350488,0.2159827213823018
2007-12-01,105.2,,2007,12,December,4,Saturday,88.55,91.68106306313668,-5.650224215246635,13.362068965517238
2008-01-01,83.3,,2008,1,January,1,Tuesday,88.81666666666666,90.39166874573104,3.995006242197263,-20.817490494296585
2008-02-01,80.0,,2008,2,February,1,Friday,88.99166666666667,88.79295047715704,2.695763799743256,-3.961584633853543
2008-03-01,91.1,,2008,3,March,1,Saturday,89.05833333333334,89.14788117297903,0.8859357696566983,13.874999999999991
2008-04-01,89.8,,2008,4,April,2,Tuesday,88.93333333333334,89.24820714636687,-1.642935377875132,-1.427003293084517
2008-05-01,90.2,,2008,5,May,2,Thursday,89.2,89.39463681615658,3.67816091954023,0.4454342984409942
2008-06-01,86.7,,2008,6,June,2,Sunday,89.32499999999999,88.98007730597865,1.760563380281699,-3.880266075388028
2008-07-01,89.0,,2008,7,July,3,Tuesday,89.47500000000001,88.98314233582809,2.064220183486243,2.6528258362168438
2008-08-01,88.4,,2008,8,August,3,Friday,89.68333333333334,88.89342813031607,2.9103608847497187,-0.6741573033707815
2008-09-01,90.2,,2008,9,September,3,Monday,89.94166666666666,89.09443918719052,3.559127439724463,2.036199095022617
2008-10-01,94.1,,2008,10,October,4,Wednesday,90.06666666666666,89.86452546608427,1.6198704103671746,4.32372505543237
2008-11-01,94.0,,2008,11,November,4,Saturday,90.16666666666669,90.50075231745592,1.2931034482758674,-0.1062699256110466
2008-12-01,105.8,,2008,12,December,4,Monday,90.21666666666664,92.854482730155,0.5703422053231932,12.553191489361692
2009-01-01,80.5,,2009,1,January,1,Thursday,89.98333333333333,90.95379307936192,-3.361344537815125,-23.913043478260864
2009-02-01,76.4,,2009,2,February,1,Sunday,89.68333333333334,88.71474799022933,-4.499999999999993,-5.093167701863344
2009-03-01,88.4,,2009,3,March,1,Sunday,89.45833333333333,88.66632522250174,-2.963776070252455,15.706806282722518
2009-04-01,89.3,,2009,4,April,2,Wednesday,89.41666666666667,88.76381364980917,-0.5567928730512262,1.0180995475113086
2009-05-01,87.4,,2009,5,May,2,Friday,89.18333333333334,88.55399616522314,-3.104212860310418,-2.127659574468077
2009-06-01,83.2,,2009,6,June,2,Monday,88.89166666666667,87.7303044474965,-4.036908881199541,-4.805491990846688
2009-07-01,86.1,,2009,7,July,3,Wednesday,88.64999999999999,87.47948837865087,-3.2584269662921383,3.485576923076916
2009-08-01,84.0,,2009,8,August,3,Saturday,88.28333333333335,86.94418247424304,-4.977375565610864,-2.439024390243893
2009-09-01,85.3,,2009,9,September,3,Tuesday,87.875,86.69123132435949,-5.432372505543248,1.547619047619042
2009-10-01,90.9,,2009,10,October,4,Thursday,87.60833333333333,87.33873419753495,-3.400637619553659,6.565064478311844
2009-11-01,90.6,,2009,11,November,4,Sunday,87.325,87.84046739791418,-3.617021276595756,-0.3300330033003451
2009-12-01,104.1,,2009,12,December,4,Tuesday,87.18333333333334,90.34193395208123,-1.606805293005675,14.900662251655628
2010-01-01,79.7,,2010,1,January,1,Friday,87.11666666666666,88.70471334406874,-0.9937888198757738,-23.439000960614788
2010-02-01,77.6,,2010,2,February,1,Monday,87.21666666666665,86.9962959065197,1.5706806282722363,-2.634880803011308
2010-03-01,90.5,,2010,3,March,1,Monday,87.39166666666667,87.53532730551667,2.37556561085972,16.623711340206192
2010-04-01,89.2,,2010,4,April,2,Thursday,87.38333333333334,87.79143079697565,-0.111982082866735,-1.436464088397782
2010-05-01,89.6,,2010,5,May,2,Saturday,87.56666666666666,88.06967221282554,2.517162471395862,0.4484304932735439
2010-06-01,87.1,,2010,6,June,2,Tuesday,87.89166666666667,87.92049187239084,4.6875,-2.79017857142857
2010-07-01,90.1,,2010,7,July,3,Thursday,88.22500000000001,88.25580081509993,4.645760743321725,3.4443168771526977
2010-08-01,87.1,,2010,8,August,3,Sunday,88.48333333333333,88.07798530508457,3.690476190476178,-3.3296337402885734
2010-09-01,87.8,,2010,9,September,3,Wednesday,88.69166666666666,88.03521833507156,2.930832356389224,0.8036739380022917
2010-10-01,93.2,,2010,10,October,4,Friday,88.88333333333333,88.82980012967595,2.53025302530252,6.150341685649208
2010-11-01,93.1,,2010,11,November,4,Monday,89.09166666666665,89.48675395587965,2.759381898454749,-0.1072961373390635
2010-12-01,105.8,,2010,12,December,4,Wednesday,89.23333333333333,91.99648411651356,1.6330451488953068,13.641245972073037
2011-01-01,83.0,,2011,1,January,1,Saturday,89.50833333333333,90.61240963704994,4.140526976160608,-21.550094517958406
2011-02-01,81.2,,2011,2,February,1,Tuesday,89.80833333333332,89.16434661596533,4.6391752577319645,-2.168674698795181
2011-03-01,91.8,,2011,3,March,1,Tuesday,89.91666666666667,89.56983175197067,1.436464088397793,13.054187192118215
2011-04-01,92.2,,2011,4,April,2,Friday,90.16666666666669,89.97447302089826,3.363228699551568,0.4357298474945592
2011-05-01,89.5,,2011,5,May,2,Sunday,90.15833333333336,89.9014771715293,-0.1116071428571396,-2.9284164859002204
2011-06-01,89.4,,2011,6,June,2,Wednesday,90.35,89.82432683744787,2.640642939150406,-0.1117318435754133
2011-07-01,92.0,,2011,7,July,3,Friday,90.50833333333334,90.15904578553284,2.108768035516096,2.9082774049217
2011-08-01,89.4,,2011,8,August,3,Monday,90.7,90.04226951083547,2.640642939150406,-2.826086956521734
2011-09-01,90.2,,2011,9,September,3,Thursday,90.9,90.0665357399377,2.733485193621865,0.8948545861297452
2011-10-01,96.3,,2011,10,October,4,Saturday,91.15833333333336,91.02553024148575,3.3261802575107247,6.762749445676275
2011-11-01,95.6,,2011,11,November,4,Tuesday,91.36666666666667,91.72929481971872,2.685284640171859,-0.7268951194184914
2011-12-01,107.8,,2011,12,December,4,Thursday,91.53333333333336,94.20171100130044,1.8903591682419616,12.761506276150625
2012-01-01,84.0,,2012,1,January,1,Sunday,91.61666666666667,92.63221700110036,1.2048192771084263,-22.077922077922075
2012-02-01,81.8,,2012,2,February,1,Wednesday,91.66666666666669,90.96572207785417,0.738916256157629,-2.619047619047621
2012-03-01,95.3,,2012,3,March,1,Thursday,91.95833333333331,91.6325340658766,3.8126361655773433,16.50366748166259
2012-04-01,94.2,,2012,4,April,2,Sunday,92.125,92.0275288249725,2.169197396963129,-1.1542497376705096
2012-05-01,93.6,,2012,5,May,2,Tuesday,92.46666666666664,92.26944746728444,4.58100558659218,-0.6369426751592466
2012-06-01,92.1,,2012,6,June,2,Friday,92.69166666666666,92.24337862616376,3.0201342281878985,-1.602564102564108
2012-07-01,93.0,,2012,7,July,3,Sunday,92.775,92.35978191444624,1.0869565217391353,0.9771986970684045
2012-08-01,90.6,,2012,8,August,3,Wednesday,92.875,92.08904623530069,1.342281879194629,-2.580645161290329
2012-09-01,92.2,,2012,9,September,3,Saturday,93.04166666666664,92.1061160452544,2.217294900221733,1.7660044150110463
2012-10-01,97.3,,2012,10,October,4,Monday,93.125,92.90517511521526,1.0384215991692702,5.531453362255956
2012-11-01,97.2,,2012,11,November,4,Thursday,93.25833333333333,93.56591740518216,1.673640167364021,-0.1027749229188024
2012-12-01,109.6,,2012,12,December,4,Saturday,93.40833333333332,96.03269934284644,1.6697588126159513,12.757201646090532
2013-01-01,86.8,,2013,1,January,1,Tuesday,93.64166666666664,94.6122840593316,3.333333333333321,-20.8029197080292
2013-02-01,83.2,,2013,2,February,1,Friday,93.75833333333333,92.85654805020364,1.7114914425427896,-4.147465437788012
2013-03-01,96.8,,2013,3,March,1,Friday,93.88333333333333,93.46323296555693,1.5739769150052485,16.346153846153832
2013-04-01,95.1,,2013,4,April,2,Monday,93.95833333333331,93.71504327854817,0.9554140127388422,-1.7561983471074405
2013-05-01,95.6,,2013,5,May,2,Wednesday,94.125,94.00503662031,2.136752136752129,0.525762355415349
2013-06-01,93.0,,2013,6,June,2,Saturday,94.2,93.85041560180076,0.9771986970684045,-2.7196652719665204
2013-07-01,95.4,,2013,7,July,3,Monday,94.4,94.08881320152372,2.580645161290329,2.580645161290329
2013-08-01,92.0,,2013,8,August,3,Thursday,94.51666666666668,93.76745732436623,1.5452538631346655,-3.563941299790363
2013-09-01,93.2,,2013,9,September,3,Sunday,94.6,93.68015619754068,1.0845986984815648,1.304347826086949
2013-10-01,98.0,,2013,10,October,4,Tuesday,94.65833333333336,94.34474755176518,0.7194244604316502,5.150214592274671
2013-11-01,100.0,,2013,11,November,4,Friday,94.89166666666668,95.21478638995517,2.8806584362139898,2.0408163265306145
2013-12-01,111.2,,2013,12,December,4,Sunday,95.02500000000002,97.67405002226974,1.4598540145985384,11.20000000000001
2014-01-01,88.4,,2014,1,January,1,Wednesday,95.15833333333332,96.2472730957667,1.8433179723502449,-20.503597122302157
2014-02-01,85.6,,2014,2,February,1,Saturday,95.35833333333336,94.60923108103336,2.8846153846153744,-3.167420814479649
2014-03-01,99.0,,2014,3,March,1,Saturday,95.54166666666669,95.2847339916436,2.2727272727272707,15.654205607476634
2014-04-01,97.3,,2014,4,April,2,Tuesday,95.725,95.59477491600612,2.3133543638275578,-1.7171717171717171
2014-05-01,95.9,,2014,5,May,2,Thursday,95.75,95.64173262123596,0.313807531380772,-1.4388489208633004
2014-06-01,95.3,,2014,6,June,2,Sunday,95.94166666666668,95.58915837181502,2.473118279569886,-0.6256517205422418
2014-07-01,96.0,,2014,7,July,3,Tuesday,95.99166666666667,95.65236477615116,0.6289308176100628,0.734522560335793
2014-08-01,94.1,,2014,8,August,3,Friday,96.16666666666669,95.41353942597408,2.2826086956521774,-1.9791666666666765
2014-09-01,93.7,,2014,9,September,3,Monday,96.20833333333331,95.14991797582422,0.5364806866952732,-0.4250797024441977
2014-10-01,99.7,,2014,10,October,4,Wednesday,96.34999999999998,95.8499305949282,1.73469387755103,6.403415154749204
2014-11-01,100.5,,2014,11,November,4,Saturday,96.39166666666664,96.56532588801618,0.4999999999999893,0.8024072216650024
2014-12-01,113.4,,2014,12,December,4,Monday,96.575,99.1552757513983,1.9784172661870605,12.8358208955224
2015-01-01,90.5,,2015,1,January,1,Thursday,96.75,97.8236948665678,2.37556561085972,-20.194003527336868
2015-02-01,87.4,,2015,2,February,1,Sunday,96.90000000000002,96.22004950248044,2.102803738317771,-3.425414364640877
2015-03-01,100.1,,2015,3,March,1,Sunday,96.99166666666667,96.81696496363728,1.1111111111111072,14.530892448512578
2015-04-01,100.0,,2015,4,April,2,Wednesday,97.21666666666664,97.30666266153924,2.774922918807809,-0.0999000999000965
2015-05-01,100.6,,2015,5,May,2,Friday,97.60833333333336,97.81332994437936,4.900938477580796,0.6000000000000005
2015-06-01,98.0,,2015,6,June,2,Monday,97.83333333333331,97.84204841447485,2.833158447009443,-2.5844930417495027
2015-07-01,101.1,,2015,7,July,3,Wednesday,98.25833333333333,98.34327173532486,5.312499999999987,3.1632653061224536
2015-08-01,97.1,,2015,8,August,3,Saturday,98.50833333333333,98.1519991606595,3.188097768331555,-3.956478733926805
2015-09-01,98.0,,2015,9,September,3,Tuesday,98.86666666666666,98.1286146744042,4.589114194236932,0.9268795056642798
2015-10-01,103.4,,2015,10,October,4,Thursday,99.175,98.93959703218816,3.7111334002005942,5.5102040816326525
2015-11-01,105.6,,2015,11,November,4,Sunday,99.59999999999998,99.96427441185152,5.074626865671639,2.127659574468077
2015-12-01,119.6,,2015,12,December,4,Tuesday,100.11666666666667,102.98515527156668,5.467372134038784,13.257575757575758
2016-01-01,93.5,,2016,1,January,1,Friday,100.36666666666667,101.52590061440256,3.3149171270718147,-21.822742474916375
2016-02-01,90.2,,2016,2,February,1,Monday,100.59999999999998,99.78345436603294,3.203661327231111,-3.529411764705881
2016-03-01,102.4,,2016,3,March,1,Tuesday,100.79166666666669,100.18599984818172,2.29770229770232,13.52549889135255
2016-04-01,101.8,,2016,4,April,2,Friday,100.94166666666666,100.43430756384606,1.8000000000000016,-0.5859375000000111
2016-05-01,101.7,,2016,5,May,2,Sunday,101.03333333333332,100.62902947710052,1.093439363817117,-0.098231827111983
2016-06-01,99.4,,2016,6,June,2,Wednesday,101.15000000000002,100.43994801908504,1.4285714285714235,-2.26155358898722
2016-07-01,102.6,,2016,7,July,3,Friday,101.275,100.7722637084566,1.4836795252225476,3.2193158953722323
2016-08-01,99.0,,2016,8,August,3,Monday,101.43333333333334,100.49960775330942,1.9567456230690008,-3.508771929824561
2016-09-01,98.8,,2016,9,September,3,Thursday,101.5,100.23812963741568,0.8163265306122325,-0.2020202020202033
2016-10-01,107.8,,2016,10,October,4,Saturday,101.86666666666666,101.40149430858249,4.255319148936154,9.109311740890693
2016-11-01,108.6,,2016,11,November,4,Tuesday,102.11666666666667,102.50895672264672,2.840909090909083,0.7421150278293043
2016-12-01,123.6,,2016,12,December,4,Thursday,102.45,105.7537326114703,3.3444816053511683,13.812154696132596
2017-01-01,96.3,,2017,1,January,1,Sunday,102.68333333333332,104.29931220970565,2.99465240641712,-22.0873786407767
2017-02-01,94.1,,2017,2,February,1,Wednesday,103.00833333333334,102.7301872543663,4.32372505543237,-2.2845275181723856
2017-03-01,109.5,,2017,3,March,1,Wednesday,103.6,103.7716969075407,6.93359375,16.365568544102025
2017-04-01,107.1,,2017,4,April,2,Saturday,104.04166666666669,104.28374353714982,5.206286836935159,-2.1917808219178103
2017-05-01,107.6,,2017,5,May,2,Monday,104.53333333333336,104.79393683912676,5.801376597836772,0.4668534080298769
2017-06-01,105.8,,2017,6,June,2,Thursday,105.06666666666666,104.9487157869534,6.438631790744465,-1.6728624535315983
2017-07-01,107.5,,2017,7,July,3,Saturday,105.475,105.34122105049904,4.775828460038989,1.606805293005675
2017-08-01,103.0,,2017,8,August,3,Tuesday,105.80833333333334,104.9810331965761,4.040404040404044,-4.1860465116279055
2017-09-01,105.8,,2017,9,September,3,Friday,106.39166666666668,105.10702808941056,7.085020242914975,2.718446601941737
2017-10-01,109.9,,2017,10,October,4,Sunday,106.56666666666668,105.8444083833474,1.9480519480519651,3.875236294896034
2017-11-01,114.9,,2017,11,November,4,Wednesday,107.09166666666664,107.23757632437088,5.8011049723756924,4.549590536851689
2017-12-01,128.8,,2017,12,December,4,Friday,107.525,110.55487227446768,4.207119741100329,12.097476066144486
2018-01-01,100.0,,2018,1,January,1,Monday,107.83333333333331,108.93104577070342,3.842159916926269,-22.360248447204977
2018-02-01,96.3,,2018,2,February,1,Thursday,108.01666666666668,106.98780795982596,2.3379383634431594,-3.7000000000000033
2018-03-01,111.2,,2018,3,March,1,Thursday,108.15833333333332,107.63583750446811,1.5525114155251265,15.47248182762202
2018-04-01,112.7,,2018,4,April,2,Sunday,108.625,108.41493942685766,5.228758169934644,1.3489208633093552
2018-05-01,110.8,,2018,5,May,2,Tuesday,108.89166666666668,108.7818718227257,2.973977695167296,-1.685891748003554
2018-06-01,109.9,,2018,6,June,2,Friday,109.23333333333332,108.95389154230637,3.875236294896034,-0.8122743682310363
2018-07-01,110.8,,2018,7,July,3,Sunday,109.50833333333333,109.23790822810538,3.0697674418604715,0.8189262966332933
2018-08-01,106.6,,2018,8,August,3,Wednesday,109.80833333333334,108.83207619301226,3.495145631067964,-3.790613718411551
2018-09-01,107.7,,2018,9,September,3,Saturday,109.96666666666664,108.65791062485653,1.7958412098298735,1.0318949343339767
2018-10-01,114.3,,2018,10,October,4,Monday,110.33333333333331,109.5259243748786,4.003639672429471,6.128133704735372
2018-11-01,119.0,,2018,11,November,4,Thursday,110.675,110.98347447105112,3.568320278503045,4.111986001749779
2018-12-01,128.7,,2018,12,December,4,Saturday,110.66666666666669,113.7090937831971,-0.077639751552816,8.151260504201673
2019-01-01,104.3,,2019,1,January,1,Tuesday,111.025,112.26154089347447,4.299999999999993,-18.95881895881896
2019-02-01,102.0,,2019,2,February,1,Friday,111.5,110.6828422944784,5.919003115264809,-2.205177372962608
2019-03-01,115.8,,2019,3,March,1,Friday,111.88333333333334,111.47009732609712,4.136690647482011,13.52941176470588
2019-04-01,115.6,,2019,4,April,2,Monday,112.125,112.10546696823602,2.573203194321194,-0.1727115716752991
2019-05-01,113.4,,2019,5,May,2,Wednesday,112.34166666666668,112.30462589619972,2.3465703971119245,-1.903114186851196
2019-06-01,115.1,,2019,6,June,2,Saturday,112.775,112.73468345063053,4.7315741583257465,1.4991181657848296
2019-07-01,115.6,,2019,7,July,3,Monday,113.175,113.17550138130277,4.332129963898912,0.4344048653344812
2019-08-01,111.2,,2019,8,August,3,Thursday,113.55833333333332,112.87157809187156,4.315196998123838,-3.806228373702414
2019-09-01,112.1,,2019,9,September,3,Sunday,113.925,112.75287377004516,4.085422469823574,0.8093525179855954
2019-10-01,117.2,,2019,10,October,4,Tuesday,114.16666666666664,113.43704703619204,2.5371828521434825,4.549509366636939
2019-11-01,123.6,,2019,11,November,4,Friday,114.55,115.00057826139329,3.865546218487381,5.460750853242313
2019-12-01,133.5,,2019,12,December,4,Sunday,114.95,117.84664314425584,3.729603729603737,8.009708737864084
2020-01-01,108.0,,2020,1,January,1,Wednesday,115.25833333333334,116.33177496821648,3.547459252157248,-19.10112359550562
2020-02-01,106.0,,2020,2,February,1,Saturday,115.59166666666668,114.7422711269524,3.9215686274509887,-1.851851851851849
2020-03-01,118.6,,2020,3,March,1,Sunday,115.825,115.33576787665204,2.4179620034542326,11.886792452830177
2020-04-01,111.4,,2020,4,April,2,Wednesday,115.475,114.73026512639788,-3.633217993079574,-6.07082630691399
2020-05-01,123.5,,2020,5,May,2,Friday,116.31666666666666,116.07945510695204,8.906525573192226,10.8617594254937
2020-06-01,121.3,,2020,6,June,2,Monday,116.83333333333331,116.88261585972865,5.386620330147696,-1.7813765182186247
2020-07-01,123.0,,2020,7,July,3,Wednesday,117.45,117.82375188130884,6.401384083044981,1.4014839241550003
2020-08-01,120.5,,2020,8,August,3,Saturday,118.225,118.2354823611075,8.36330935251799,-2.032520325203257
2020-09-01,119.5,,2020,9,September,3,Tuesday,118.84166666666664,118.43002353632173,6.601248884924171,-0.8298755186721962
2020-10-01,129.4,,2020,10,October,4,Thursday,119.85833333333336,120.11771222304144,10.409556313993184,8.284518828451892
2020-11-01,136.8,,2020,11,November,4,Sunday,120.95833333333331,122.68421803488124,10.679611650485455,5.71870170015456
2020-12-01,139.0,,2020,12,December,4,Tuesday,121.41666666666669,125.1943383372072,4.119850187265928,1.6081871345029253
2021-01-01,102.7,,2021,1,January,1,Friday,120.975,121.73367090071378,-4.907407407407405,-26.115107913669068
2021-02-01,103.8,,2021,2,February,1,Monday,120.79166666666669,118.97464460829627,-2.075471698113207,1.071080817916248
2021-03-01,129.5,,2021,3,March,1,Monday,121.7,120.59393005317376,9.190556492411472,24.75915221579963
2021-04-01,120.7,,2021,4,April,2,Thursday,122.475,120.61024850653163,8.348294434470382,-6.795366795366798
2021-05-01,125.3,,2021,5,May,2,Saturday,122.625,121.33174873629602,1.457489878542506,3.81110190555094
2021-06-01,129.9,,2021,6,June,2,Tuesday,123.34166666666664,122.64994123840432,7.089859851607594,3.671189146049492
2021-07-01,125.5,,2021,7,July,3,Thursday,123.55,123.08841181711136,2.0325203252032464,-3.387220939183988
2021-08-01,122.6,,2021,8,August,3,Sunday,123.725,123.01327153755577,1.742738589211612,-2.3107569721115606
2021-09-01,120.5,,2021,9,September,3,Wednesday,123.80833333333334,122.6266143779318,0.8368200836819994,-1.712887438825439
2021-10-01,130.4,,2021,10,October,4,Friday,123.89166666666668,123.82251985824998,0.7727975270479082,8.215767634854787
2021-11-01,140.1,,2021,11,November,4,Monday,124.16666666666669,126.32674757236536,2.4122807017543657,7.438650306748462
2021-12-01,145.5,,2021,12,December,4,Wednesday,124.70833333333331,129.27647871507838,4.6762589928057485,3.854389721627416
2022-01-01,121.7,,2022,1,January,1,Saturday,126.29166666666669,128.11086660506632,18.50048685491723,-16.3573883161512
2022-02-01,119.8,,2022,2,February,1,Tuesday,127.625,126.83227174274842,15.41425818882467,-1.561216105176666
2022-03-01,138.3,,2022,3,March,1,Tuesday,128.35833333333332,128.59653762847944,6.795366795366808,15.4424040066778
2022-04-01,132.6,,2022,4,April,2,Friday,129.35,129.21245491640568,9.859154929577452,-4.121475054229951
2022-05-01,134.9,,2022,5,May,2,Sunday,130.15,130.08746185234327,7.661612130885875,1.7345399698341035
2022-06-01,131.0,,2022,6,June,2,Wednesday,130.24166666666667,130.22785233659815,0.8468052347959887,-2.89103039288362
2022-07-01,135.4,,2022,7,July,3,Friday,131.0666666666667,131.0235673617369,7.888446215139444,3.358778625954195
2022-08-01,129.8,,2022,8,August,3,Monday,131.66666666666666,130.83532622916198,5.872756933115841,-4.1358936484490405
2022-09-01,133.0,,2022,9,September,3,Thursday,132.70833333333334,131.16835296313707,10.373443983402495,2.4653312788905923
2022-10-01,137.9,,2022,10,October,4,Saturday,133.33333333333334,132.20399096880828,5.751533742331283,3.684210526315801
2022-11-01,146.4,,2022,11,November,4,Tuesday,133.85833333333332,134.3879923582224,4.496788008565322,6.1638868745467645
2022-12-01,151.5,,2022,12,December,4,Thursday,134.35833333333332,137.02060891849587,4.123711340206193,3.4836065573770503
2023-01-01,124.7,,2023,1,January,1,Sunday,134.60833333333332,135.12513062334267,2.465078060805248,-17.68976897689769
2023-02-01,122.9,,2023,2,February,1,Wednesday,134.86666666666667,133.24434129667458,2.5876460767946696,-1.443464314354448
2023-03-01,139.0,,2023,3,March,1,Wednesday,134.92499999999998,134.12982725103234,0.5061460592913791,13.10008136696501
2023-04-01,137.5,,2023,4,April,2,Saturday,135.33333333333334,134.64831536625812,3.6953242835595863,-1.0791366906474864
2023-05-01,141.1,,2023,5,May,2,Monday,135.85,135.64088223298762,4.595997034840615,2.6181818181818084
2023-06-01,138.0,,2023,6,June,2,Thursday,136.43333333333334,136.0038234279126,5.343511450381677,-2.1970233876683176
2023-07-01,139.6,,2023,7,July,3,Saturday,136.78333333333333,136.5570813620799,3.101920236336775,1.1594202898550732
2023-08-01,132.5,,2023,8,August,3,Tuesday,137.00833333333333,135.932914998683,2.080123266563927,-5.085959885386815
2023-09-01,132.9,,2023,9,September,3,Friday,137.0,135.4663126911933,-0.0751879699248059,0.3018867924528434
2023-10-01,141.6,,2023,10,October,4,Sunday,137.3083333333333,136.4099568925482,2.683103698332112,6.546275395033852
2023-11-01,147.7,,2023,11,November,4,Wednesday,137.41666666666666,138.14688660138694,0.8879781420764843,4.307909604519766
2023-12-01,154.2,,2023,12,December,4,Friday,137.64166666666668,140.6165963550197,1.7821782178217838,4.400812457684489
2024-01-01,126.3,Provisional value,2024,1,January,1,Monday,137.775,138.41404306963207,1.2830793905372897,-18.09338521400777
2024-02-01,122.9,Provisional value,2024,2,February,1,Thursday,137.775,136.0272672127656,0.0,-2.69200316706254
2024-03-01,143.4,Provisional value,2024,3,March,1,Friday,138.14166666666668,137.16153379541706,3.1654676258992875,16.680227827502026
2024-04-01,140.3,Provisional value,2024,4,April,2,Monday,138.375,137.64437474996828,2.036363636363636,-2.1617852161785134
2024-05-01,141.2,Provisional value,2024,5,May,2,Wednesday,138.38333333333333,138.19139401920393,0.0708717221828525,0.6414825374198019
2024-06-01,137.3,Provisional value,2024,6,June,2,Saturday,138.32500000000002,138.05425647778793,-0.5072463768115876,-2.7620396600566366
2024-07-01,141.4,Provisional value,2024,7,July,3,Monday,138.475,138.56898625043596,1.2893982808023008,2.9861616897305154
2024-08-01,136.7,Provisional value,2024,8,August,3,Thursday,138.82500000000002,138.28144990421504,3.169811320754712,-3.323903818953333
2024-09-01,139.2,Provisional value,2024,9,September,3,Sunday,139.35,138.42276530356656,4.740406320541757,1.8288222384784223
2024-10-01,146.8,Provisional value,2024,10,October,4,Tuesday,139.78333333333333,139.7115706414794,3.672316384180796,5.4597701149425415
2024-11-01,154.5,Provisional value,2024,11,November,4,Friday,140.35,141.98671361971333,4.603926878808395,5.245231607629419
2024-12-01,161.0,Provisional value,2024,12,December,4,Sunday,140.91666666666666,144.91183460129588,4.409857328145272,4.207119741100329
2025-01-01,132.9,Provisional value,2025,1,January,1,Wednesday,141.46666666666667,143.06386004725036,5.225653206650849,-17.453416149068325
2025-02-01,130.6,Provisional value,2025,2,February,1,Saturday,142.10833333333332,141.14634311690415,6.26525630593977,-1.7306245297216027
2025-03-01,151.3,Provisional value,2025,3,March,1,Saturday,142.76666666666668,142.70844417584198,5.509065550906556,15.84992343032161
2025-04-01,147.9,Provisional value,2025,4,April,2,Tuesday,143.4,143.5071450718663,5.41696364932287,-2.2471910112359605
2025-05-01,148.0,Provisional value,2025,5,May,2,Thursday,143.96666666666667,144.19835352234838,4.815864022662897,0.0676132521974182
2025-06-01,146.4,Provisional value,2025,6,June,2,Sunday,144.725,144.53706836506402,6.627822286962859,-1.0810810810810811
2025-07-01,148.3,Provisional value,2025,7,July,3,Tuesday,145.3,145.11598092428494,4.879773691654887,1.297814207650272
2025-08-01,141.2,Provisional value,2025,8,August,3,Friday,145.67499999999998,144.5135223205488,3.291880029261152,-4.787592717464618
2025-09-01,142.8,Provisional value,2025,9,September,3,Monday,145.975,144.2499035020028,2.586206896551735,1.1331444759207
2025-10-01,150.8,Provisional value,2025,10,October,4,Wednesday,146.30833333333334,145.25761065554084,2.7247956403269717,5.602240896358546
